prompt,completion
"I have experience in data analysis, what jobs can I apply for?",
What are good jobs for someone who is a ESTJ?,
What industries fit someone with UI/UX design skills?,
"I have experience in Python, what jobs can I apply for?",
Can you improve my resume?,
What are good jobs for someone who is a ENTP?,
Can you analyze my resume?,
Can you analyze my resume?,
Suggest job roles for a psychology graduate.,
What should I improve in my resume?,
Help me rewrite my CV.,
What are good jobs for someone who is a INFP?,
What are good jobs for someone who is a ESTJ?,
Help me rewrite my CV.,
Find jobs for me in Penang.,
Suggest job roles for a electrical engineering graduate.,
Suggest job roles for a business graduate.,
Can you analyze my resume?,
Find jobs for me in Kuala Lumpur.,
Help me rewrite my CV.,
Can you analyze my resume?,
What industries fit someone with UI/UX design skills?,
I need help choosing a career.,
Can you analyze my resume?,
Help me rewrite my CV.,
Find jobs for me in Penang.,
"I have experience in Python, what jobs can I apply for?",
What should I improve in my resume?,
What industries fit someone with project management skills?,
"I have experience in UI/UX design, what jobs can I apply for?",
What industries fit someone with accounting skills?,
What industries fit someone with project management skills?,
Can you improve my resume?,
Can you analyze my resume?,
What are good jobs for someone who is a ESFP?,
Help me rewrite my CV.,
What should I improve in my resume?,
"I have experience in project management, what jobs can I apply for?",
Can you analyze my resume?,
What are good jobs for someone who is a INFP?,
"I have experience in Python, what jobs can I apply for?",
Find jobs for me in Penang.,
Can you analyze my resume?,
What should I improve in my resume?,
What industries fit someone with project management skills?,
What should I improve in my resume?,
What should I improve in my resume?,
I need help choosing a career.,
"I have experience in UI/UX design, what jobs can I apply for?",
I need help choosing a career.,
Help me rewrite my CV.,
What industries fit someone with accounting skills?,
What are good jobs for someone who is a ISTP?,
Suggest job roles for a business graduate.,
Find jobs for me in Penang.,
What should I improve in my resume?,
Suggest job roles for a mechanical engineering graduate.,
What should I improve in my resume?,
"I have experience in project management, what jobs can I apply for?",
Can you analyze my resume?,
Find jobs for me in Singapore.,
I need help choosing a career.,
Can you improve my resume?,
"I have experience in data analysis, what jobs can I apply for?",
Suggest job roles for a marketing graduate.,
What should I improve in my resume?,
I need help choosing a career.,
What are good jobs for someone who is a ESFP?,
What are good jobs for someone who is a ENTP?,
What should I improve in my resume?,
Can you analyze my resume?,
Help me rewrite my CV.,
Can you improve my resume?,
Help me rewrite my CV.,
I need help choosing a career.,
Can you improve my resume?,
"I have experience in project management, what jobs can I apply for?",
What are good jobs for someone who is a ISTP?,
What should I improve in my resume?,
Find jobs for me in Singapore.,
Find jobs for me in Penang.,
What are good jobs for someone who is a ENTP?,
Find jobs for me in Singapore.,
Can you analyze my resume?,
Find jobs for me in Cyberjaya.,
Can you improve my resume?,
What should I improve in my resume?,
What industries fit someone with Python skills?,
What industries fit someone with Python skills?,
Help me rewrite my CV.,
What should I improve in my resume?,
Suggest job roles for a marketing graduate.,
Can you improve my resume?,
"I have experience in machine learning, what jobs can I apply for?",
I need help choosing a career.,
Help me rewrite my CV.,
I need help choosing a career.,
Find jobs for me in Kuala Lumpur.,
Suggest job roles for a electrical engineering graduate.,
Help me rewrite my CV.,
What should I improve in my resume?,
What should I improve in my resume?,
What should I improve in my resume?,
What industries fit someone with accounting skills?,
Suggest job roles for a marketing graduate.,
What are good jobs for someone who is a INTJ?,
What should I improve in my resume?,
What are good jobs for someone who is a ENTP?,
Help me rewrite my CV.,
What should I improve in my resume?,
Find jobs for me in Penang.,
Can you improve my resume?,
Help me rewrite my CV.,
What are good jobs for someone who is a ESTJ?,
Can you improve my resume?,
Can you analyze my resume?,
Help me rewrite my CV.,
Help me rewrite my CV.,
Can you analyze my resume?,
Find jobs for me in Kuala Lumpur.,
What industries fit someone with data analysis skills?,
Can you analyze my resume?,
Find jobs for me in Kuala Lumpur.,
"I have experience in Python, what jobs can I apply for?",
Can you improve my resume?,
Suggest job roles for a mechanical engineering graduate.,
Can you analyze my resume?,
What industries fit someone with machine learning skills?,
Help me rewrite my CV.,
Help me rewrite my CV.,
"I have experience in accounting, what jobs can I apply for?",
What are good jobs for someone who is a ESFP?,
What are good jobs for someone who is a ENFJ?,
I need help choosing a career.,
What industries fit someone with Python skills?,
"I have experience in machine learning, what jobs can I apply for?",
Can you analyze my resume?,
What are good jobs for someone who is a INTJ?,
"I have experience in UI/UX design, what jobs can I apply for?",
I need help choosing a career.,
"I have experience in machine learning, what jobs can I apply for?",
Can you analyze my resume?,
Help me rewrite my CV.,
What are good jobs for someone who is a ESTJ?,
What are good jobs for someone who is a ESTJ?,
What industries fit someone with data analysis skills?,
Can you improve my resume?,
Suggest job roles for a psychology graduate.,
"I have experience in machine learning, what jobs can I apply for?",
Find jobs for me in Penang.,
Help me rewrite my CV.,
What should I improve in my resume?,
What should I improve in my resume?,
"I have experience in accounting, what jobs can I apply for?",
Can you analyze my resume?,
What industries fit someone with machine learning skills?,
Can you improve my resume?,
I need help choosing a career.,
Help me rewrite my CV.,
What should I improve in my resume?,
"I have experience in accounting, what jobs can I apply for?",
Help me rewrite my CV.,
What should I improve in my resume?,
I need help choosing a career.,
Find jobs for me in Penang.,
What are good jobs for someone who is a INTJ?,
Can you analyze my resume?,
Can you analyze my resume?,
What should I improve in my resume?,
What should I improve in my resume?,
What should I improve in my resume?,
What are good jobs for someone who is a ESFP?,
Help me rewrite my CV.,
Can you analyze my resume?,
What should I improve in my resume?,
What should I improve in my resume?,
Can you analyze my resume?,
What are good jobs for someone who is a ISTP?,
Find jobs for me in Penang.,
Suggest job roles for a computer science graduate.,
What should I improve in my resume?,
Can you analyze my resume?,
I need help choosing a career.,
Can you analyze my resume?,
Can you analyze my resume?,
What should I improve in my resume?,
What should I improve in my resume?,
What industries fit someone with data analysis skills?,
I need help choosing a career.,
What industries fit someone with UI/UX design skills?,
Can you improve my resume?,
What should I improve in my resume?,
Help me rewrite my CV.,
What are good jobs for someone who is a ENTP?,
Find jobs for me in Penang.,
Find jobs for me in Cyberjaya.,
Find jobs for me in Cyberjaya.,
Suggest job roles for a marketing graduate.,
I need help choosing a career.,
I need help choosing a career.,
Find jobs for me in Kuala Lumpur.,
Find jobs for me in Cyberjaya.,
Can you improve my resume?,
Can you analyze my resume?,
What should I improve in my resume?,
Help me rewrite my CV.,
Find jobs for me in Penang.,
Can you improve my resume?,
I need help choosing a career.,
Can you improve my resume?,
Can you improve my resume?,
Help me rewrite my CV.,
What are good jobs for someone who is a ISFJ?,
"I have experience in UI/UX design, what jobs can I apply for?",
What should I improve in my resume?,
What industries fit someone with project management skills?,
Can you analyze my resume?,
What are good jobs for someone who is a INTJ?,
Find jobs for me in Penang.,
I need help choosing a career.,
Help me rewrite my CV.,
Find jobs for me in Johor Bahru.,
Help me rewrite my CV.,
What industries fit someone with data analysis skills?,
Suggest job roles for a computer science graduate.,
Suggest job roles for a business graduate.,
What industries fit someone with machine learning skills?,
What should I improve in my resume?,
Help me rewrite my CV.,
What are good jobs for someone who is a ISTP?,
Help me rewrite my CV.,
What should I improve in my resume?,
Suggest job roles for a mechanical engineering graduate.,
Suggest job roles for a mechanical engineering graduate.,
Suggest job roles for a mechanical engineering graduate.,
What industries fit someone with machine learning skills?,
Help me rewrite my CV.,
Suggest job roles for a marketing graduate.,
Can you improve my resume?,
Can you improve my resume?,
Can you analyze my resume?,
Can you improve my resume?,
Help me rewrite my CV.,
What are good jobs for someone who is a ISFJ?,
What industries fit someone with machine learning skills?,
What industries fit someone with UI/UX design skills?,
Can you analyze my resume?,
Help me rewrite my CV.,
What should I improve in my resume?,
Can you analyze my resume?,
"I have experience in project management, what jobs can I apply for?",
I need help choosing a career.,
What industries fit someone with data analysis skills?,
What should I improve in my resume?,
I need help choosing a career.,
Can you improve my resume?,
"I have experience in accounting, what jobs can I apply for?",
Suggest job roles for a computer science graduate.,
"I have experience in data analysis, what jobs can I apply for?",
Suggest job roles for a electrical engineering graduate.,
"I have experience in data analysis, what jobs can I apply for?",
What should I improve in my resume?,
What should I improve in my resume?,
I need help choosing a career.,
What should I improve in my resume?,
What should I improve in my resume?,
Find jobs for me in Singapore.,
What are good jobs for someone who is a ISTP?,
What should I improve in my resume?,
Can you improve my resume?,
Suggest job roles for a electrical engineering graduate.,
What should I improve in my resume?,
Can you analyze my resume?,
"I have experience in data analysis, what jobs can I apply for?",
I need help choosing a career.,
What are good jobs for someone who is a ENTP?,
Can you improve my resume?,
What industries fit someone with project management skills?,
Suggest job roles for a mechanical engineering graduate.,
Suggest job roles for a computer science graduate.,
Can you improve my resume?,
Can you improve my resume?,
Find jobs for me in Kuala Lumpur.,
Can you analyze my resume?,
Help me rewrite my CV.,
Help me rewrite my CV.,
Can you improve my resume?,
Find jobs for me in Singapore.,
"I have experience in data analysis, what jobs can I apply for?",
What should I improve in my resume?,
What are good jobs for someone who is a ISTP?,
Help me rewrite my CV.,
What industries fit someone with project management skills?,
What industries fit someone with Python skills?,
Can you improve my resume?,
I need help choosing a career.,
What are good jobs for someone who is a ISFJ?,
Find jobs for me in Penang.,
Find jobs for me in Kuala Lumpur.,
What should I improve in my resume?,
I need help choosing a career.,
"I have experience in project management, what jobs can I apply for?",
What should I improve in my resume?,
What are good jobs for someone who is a ISTP?,
Can you improve my resume?,
Can you improve my resume?,
I need help choosing a career.,
What industries fit someone with project management skills?,
I need help choosing a career.,
Can you analyze my resume?,
What are good jobs for someone who is a ISFJ?,
"I have experience in project management, what jobs can I apply for?",
Suggest job roles for a electrical engineering graduate.,
Can you improve my resume?,
What should I improve in my resume?,
What should I improve in my resume?,
"I have experience in data analysis, what jobs can I apply for?",
What industries fit someone with UI/UX design skills?,
Can you improve my resume?,
Help me rewrite my CV.,
Can you analyze my resume?,
Help me rewrite my CV.,
Can you analyze my resume?,
Suggest job roles for a psychology graduate.,
Can you analyze my resume?,
What are good jobs for someone who is a ENFJ?,
What are good jobs for someone who is a ESTJ?,
What should I improve in my resume?,
What industries fit someone with machine learning skills?,
Help me rewrite my CV.,
"I have experience in project management, what jobs can I apply for?",
What should I improve in my resume?,
I need help choosing a career.,
What industries fit someone with machine learning skills?,
Suggest job roles for a psychology graduate.,
Help me rewrite my CV.,
What industries fit someone with data analysis skills?,
Can you analyze my resume?,
Suggest job roles for a mechanical engineering graduate.,
Suggest job roles for a business graduate.,
Find jobs for me in Penang.,
What are good jobs for someone who is a ISFJ?,
What are good jobs for someone who is a ESTJ?,
What industries fit someone with project management skills?,
What are good jobs for someone who is a INFP?,
What are good jobs for someone who is a ENFJ?,
Find jobs for me in Kuala Lumpur.,
Help me rewrite my CV.,
Can you improve my resume?,
Help me rewrite my CV.,
I need help choosing a career.,
Help me rewrite my CV.,
Can you improve my resume?,
Help me rewrite my CV.,
"I have experience in data analysis, what jobs can I apply for?",
"I have experience in Python, what jobs can I apply for?",
What are good jobs for someone who is a ENTP?,
What are good jobs for someone who is a ENFJ?,
"I have experience in machine learning, what jobs can I apply for?",
I need help choosing a career.,
Suggest job roles for a psychology graduate.,
What should I improve in my resume?,
"I have experience in project management, what jobs can I apply for?",
Find jobs for me in Kuala Lumpur.,
Can you improve my resume?,
Suggest job roles for a business graduate.,
I need help choosing a career.,
What are good jobs for someone who is a ISFJ?,
What should I improve in my resume?,
"I have experience in accounting, what jobs can I apply for?",
Find jobs for me in Johor Bahru.,
Find jobs for me in Johor Bahru.,
Help me rewrite my CV.,
Can you improve my resume?,
Can you improve my resume?,
Can you analyze my resume?,
Suggest job roles for a electrical engineering graduate.,
Help me rewrite my CV.,
What industries fit someone with project management skills?,
What industries fit someone with machine learning skills?,
What should I improve in my resume?,
What are good jobs for someone who is a INTJ?,
Can you analyze my resume?,
What industries fit someone with machine learning skills?,
Can you analyze my resume?,
Can you analyze my resume?,
What industries fit someone with data analysis skills?,
What should I improve in my resume?,
I need help choosing a career.,
What are good jobs for someone who is a ESFP?,
Suggest job roles for a psychology graduate.,
What should I improve in my resume?,
Help me rewrite my CV.,
I need help choosing a career.,
Can you analyze my resume?,
Can you analyze my resume?,
Find jobs for me in Singapore.,
Suggest job roles for a computer science graduate.,
I need help choosing a career.,
I need help choosing a career.,
What industries fit someone with project management skills?,
Can you analyze my resume?,
I need help choosing a career.,
"I have experience in accounting, what jobs can I apply for?",
Can you improve my resume?,
I need help choosing a career.,
"I have experience in accounting, what jobs can I apply for?",
Can you improve my resume?,
Suggest job roles for a business graduate.,
I need help choosing a career.,
Help me rewrite my CV.,
Can you analyze my resume?,
"I have experience in data analysis, what jobs can I apply for?",
I need help choosing a career.,
What industries fit someone with Python skills?,
Can you improve my resume?,
Help me rewrite my CV.,
What are good jobs for someone who is a ENTP?,
Find jobs for me in Cyberjaya.,
"I have experience in project management, what jobs can I apply for?",
What are good jobs for someone who is a INTJ?,
What are good jobs for someone who is a ENTP?,
I need help choosing a career.,
Can you improve my resume?,
What industries fit someone with data analysis skills?,
What should I improve in my resume?,
Suggest job roles for a electrical engineering graduate.,
What are good jobs for someone who is a ISTP?,
What should I improve in my resume?,
Can you improve my resume?,
Suggest job roles for a electrical engineering graduate.,
Help me rewrite my CV.,
I need help choosing a career.,
"I have experience in project management, what jobs can I apply for?",
I need help choosing a career.,
"I have experience in machine learning, what jobs can I apply for?",
What should I improve in my resume?,
Can you analyze my resume?,
I need help choosing a career.,
I need help choosing a career.,
Help me rewrite my CV.,
Suggest job roles for a computer science graduate.,
What industries fit someone with project management skills?,
Suggest job roles for a computer science graduate.,
What should I improve in my resume?,
Can you analyze my resume?,
I need help choosing a career.,
Can you improve my resume?,
Help me rewrite my CV.,
Find jobs for me in Kuala Lumpur.,
What are good jobs for someone who is a ESFP?,
I need help choosing a career.,
"I have experience in UI/UX design, what jobs can I apply for?",
Can you analyze my resume?,
What are good jobs for someone who is a INFP?,
What industries fit someone with project management skills?,
Can you analyze my resume?,
What industries fit someone with project management skills?,
What should I improve in my resume?,
What should I improve in my resume?,
Find jobs for me in Penang.,
What industries fit someone with Python skills?,
I need help choosing a career.,
Suggest job roles for a business graduate.,
Can you improve my resume?,
"I have experience in UI/UX design, what jobs can I apply for?",
Help me rewrite my CV.,
What should I improve in my resume?,
I need help choosing a career.,
What are good jobs for someone who is a INFP?,
I need help choosing a career.,
Find jobs for me in Johor Bahru.,
"I have experience in project management, what jobs can I apply for?",
What industries fit someone with Python skills?,
Help me rewrite my CV.,
What should I improve in my resume?,
Suggest job roles for a psychology graduate.,
What industries fit someone with project management skills?,
Find jobs for me in Cyberjaya.,
What should I improve in my resume?,
Find jobs for me in Penang.,
Suggest job roles for a marketing graduate.,
Find jobs for me in Cyberjaya.,
Can you improve my resume?,
Can you analyze my resume?,
What industries fit someone with machine learning skills?,
What should I improve in my resume?,
Find jobs for me in Kuala Lumpur.,
What are good jobs for someone who is a ESTJ?,
"I have experience in Python, what jobs can I apply for?",
Help me rewrite my CV.,
Can you analyze my resume?,
What industries fit someone with machine learning skills?,
What are good jobs for someone who is a ENFJ?,
Find jobs for me in Johor Bahru.,
What should I improve in my resume?,
Help me rewrite my CV.,
What are good jobs for someone who is a ESFP?,
What industries fit someone with data analysis skills?,
What industries fit someone with data analysis skills?,
Can you analyze my resume?,
Help me rewrite my CV.,
Help me rewrite my CV.,
Can you improve my resume?,
Find jobs for me in Kuala Lumpur.,
What are good jobs for someone who is a ENTP?,
Can you analyze my resume?,
Find jobs for me in Johor Bahru.,
What are good jobs for someone who is a ESFP?,
Can you improve my resume?,
What are good jobs for someone who is a ENTP?,
"I have experience in data analysis, what jobs can I apply for?",
What should I improve in my resume?,
Help me rewrite my CV.,
Find jobs for me in Kuala Lumpur.,
Help me rewrite my CV.,
What should I improve in my resume?,
Find jobs for me in Singapore.,
Can you analyze my resume?,
What industries fit someone with project management skills?,
Can you improve my resume?,
What are good jobs for someone who is a ENTP?,
Can you analyze my resume?,
I need help choosing a career.,
I need help choosing a career.,
Can you analyze my resume?,
What industries fit someone with UI/UX design skills?,
Help me rewrite my CV.,
Can you analyze my resume?,
Help me rewrite my CV.,
Can you analyze my resume?,
I need help choosing a career.,
Find jobs for me in Johor Bahru.,
Help me rewrite my CV.,
I need help choosing a career.,
I need help choosing a career.,
Help me rewrite my CV.,
What industries fit someone with Python skills?,
Suggest job roles for a computer science graduate.,
"I have experience in machine learning, what jobs can I apply for?",
"I have experience in machine learning, what jobs can I apply for?",
Suggest job roles for a electrical engineering graduate.,
What are good jobs for someone who is a ENTP?,
I need help choosing a career.,
I need help choosing a career.,
What should I improve in my resume?,
Can you improve my resume?,
"I have experience in data analysis, what jobs can I apply for?",
Find jobs for me in Cyberjaya.,
Can you improve my resume?,
What industries fit someone with accounting skills?,
"I have experience in UI/UX design, what jobs can I apply for?",
What are good jobs for someone who is a ISFJ?,
Find jobs for me in Kuala Lumpur.,
What should I improve in my resume?,
What industries fit someone with UI/UX design skills?,
What are good jobs for someone who is a ISFJ?,
Find jobs for me in Cyberjaya.,
What industries fit someone with project management skills?,
Can you analyze my resume?,
Find jobs for me in Kuala Lumpur.,
Can you analyze my resume?,
Can you analyze my resume?,
"I have experience in UI/UX design, what jobs can I apply for?",
Help me rewrite my CV.,
Can you analyze my resume?,
Help me rewrite my CV.,
What should I improve in my resume?,
"I have experience in project management, what jobs can I apply for?",
"I have experience in UI/UX design, what jobs can I apply for?",
I need help choosing a career.,
"I have experience in project management, what jobs can I apply for?",
Suggest job roles for a computer science graduate.,
Suggest job roles for a computer science graduate.,
"I have experience in Python, what jobs can I apply for?",
Can you improve my resume?,
Suggest job roles for a marketing graduate.,
What industries fit someone with project management skills?,
Suggest job roles for a business graduate.,
Help me rewrite my CV.,
What should I improve in my resume?,
Suggest job roles for a psychology graduate.,
What industries fit someone with Python skills?,
I need help choosing a career.,
Help me rewrite my CV.,
"I have experience in data analysis, what jobs can I apply for?",
What are good jobs for someone who is a ISFJ?,
"I have experience in data analysis, what jobs can I apply for?",
What are good jobs for someone who is a ISFJ?,
"I have experience in data analysis, what jobs can I apply for?",
Can you analyze my resume?,
What should I improve in my resume?,
Suggest job roles for a business graduate.,
Help me rewrite my CV.,
I need help choosing a career.,
What are good jobs for someone who is a INFP?,
Can you analyze my resume?,
What industries fit someone with UI/UX design skills?,
Can you improve my resume?,
What industries fit someone with UI/UX design skills?,
Suggest job roles for a electrical engineering graduate.,
I need help choosing a career.,
Find jobs for me in Cyberjaya.,
What industries fit someone with Python skills?,
Suggest job roles for a psychology graduate.,
I need help choosing a career.,
I need help choosing a career.,
Can you analyze my resume?,
I need help choosing a career.,
Help me rewrite my CV.,
I need help choosing a career.,
"I have experience in Python, what jobs can I apply for?",
What are good jobs for someone who is a INTJ?,
Suggest job roles for a mechanical engineering graduate.,
What should I improve in my resume?,
I need help choosing a career.,
Suggest job roles for a electrical engineering graduate.,
"I have experience in Python, what jobs can I apply for?",
What should I improve in my resume?,
I need help choosing a career.,
What are good jobs for someone who is a ESTJ?,
Find jobs for me in Penang.,
What industries fit someone with accounting skills?,
Find jobs for me in Kuala Lumpur.,
What should I improve in my resume?,
Can you analyze my resume?,
Can you improve my resume?,
Can you improve my resume?,
Find jobs for me in Johor Bahru.,
I need help choosing a career.,
What are good jobs for someone who is a ENFJ?,
"I have experience in UI/UX design, what jobs can I apply for?",
Suggest job roles for a psychology graduate.,
Suggest job roles for a computer science graduate.,
What are good jobs for someone who is a ESTJ?,
Can you improve my resume?,
Suggest job roles for a mechanical engineering graduate.,
I need help choosing a career.,
Can you analyze my resume?,
Help me rewrite my CV.,
Suggest job roles for a marketing graduate.,
Find jobs for me in Cyberjaya.,
I need help choosing a career.,
Find jobs for me in Penang.,
Can you improve my resume?,
Can you improve my resume?,
"I have experience in Python, what jobs can I apply for?",
Suggest job roles for a psychology graduate.,
"I have experience in accounting, what jobs can I apply for?",
Find jobs for me in Singapore.,
What are good jobs for someone who is a INTJ?,
What industries fit someone with accounting skills?,
Find jobs for me in Cyberjaya.,
"I have experience in project management, what jobs can I apply for?",
"I have experience in project management, what jobs can I apply for?",
I need help choosing a career.,
"I have experience in UI/UX design, what jobs can I apply for?",
Find jobs for me in Johor Bahru.,
I need help choosing a career.,
Find jobs for me in Cyberjaya.,
What should I improve in my resume?,
Can you improve my resume?,
What industries fit someone with Python skills?,
Help me rewrite my CV.,
What industries fit someone with data analysis skills?,
I need help choosing a career.,
Can you analyze my resume?,
What industries fit someone with Python skills?,
Can you improve my resume?,
Can you improve my resume?,
What industries fit someone with accounting skills?,
What should I improve in my resume?,
Can you analyze my resume?,
I need help choosing a career.,
Can you analyze my resume?,
Help me rewrite my CV.,
What are good jobs for someone who is a ENTP?,
Can you analyze my resume?,
Find jobs for me in Kuala Lumpur.,
I need help choosing a career.,
Find jobs for me in Singapore.,
Help me rewrite my CV.,
Can you analyze my resume?,
What should I improve in my resume?,
Help me rewrite my CV.,
Find jobs for me in Cyberjaya.,
Find jobs for me in Kuala Lumpur.,
"I have experience in Python, what jobs can I apply for?",
Suggest job roles for a mechanical engineering graduate.,
What are good jobs for someone who is a ISFJ?,
"I have experience in data analysis, what jobs can I apply for?",
What industries fit someone with data analysis skills?,
Suggest job roles for a business graduate.,
Help me rewrite my CV.,
"I have experience in machine learning, what jobs can I apply for?",
What are good jobs for someone who is a ESTJ?,
What are good jobs for someone who is a ISFJ?,
What industries fit someone with machine learning skills?,
Help me rewrite my CV.,
I need help choosing a career.,
Suggest job roles for a mechanical engineering graduate.,
Can you analyze my resume?,
What are good jobs for someone who is a ESFP?,
Can you analyze my resume?,
Can you analyze my resume?,
"I have experience in data analysis, what jobs can I apply for?",
Suggest job roles for a marketing graduate.,
"I have experience in project management, what jobs can I apply for?",
Find jobs for me in Cyberjaya.,
What industries fit someone with project management skills?,
Help me rewrite my CV.,
Can you analyze my resume?,
Can you improve my resume?,
"I have experience in project management, what jobs can I apply for?",
Can you analyze my resume?,
What should I improve in my resume?,
Suggest job roles for a mechanical engineering graduate.,
Can you improve my resume?,
Can you improve my resume?,
"I have experience in accounting, what jobs can I apply for?",
Help me rewrite my CV.,
"I have experience in UI/UX design, what jobs can I apply for?",
Help me rewrite my CV.,
Help me rewrite my CV.,
Can you analyze my resume?,
What are good jobs for someone who is a ISTP?,
Suggest job roles for a marketing graduate.,
What are good jobs for someone who is a INFP?,
Suggest job roles for a psychology graduate.,
What industries fit someone with Python skills?,
"I have experience in accounting, what jobs can I apply for?",
"I have experience in data analysis, what jobs can I apply for?",
I need help choosing a career.,
What are good jobs for someone who is a ISTP?,
I need help choosing a career.,
What should I improve in my resume?,
What industries fit someone with machine learning skills?,
I need help choosing a career.,
Can you improve my resume?,
What are good jobs for someone who is a INTJ?,
What are good jobs for someone who is a INTJ?,
Can you improve my resume?,
What are good jobs for someone who is a ESTJ?,
What should I improve in my resume?,
What are good jobs for someone who is a ISFJ?,
I need help choosing a career.,
I need help choosing a career.,
What are good jobs for someone who is a ESTJ?,
Can you analyze my resume?,
Suggest job roles for a psychology graduate.,
Suggest job roles for a mechanical engineering graduate.,
Can you analyze my resume?,
What should I improve in my resume?,
What should I improve in my resume?,
Find jobs for me in Singapore.,
I need help choosing a career.,
I need help choosing a career.,
Can you improve my resume?,
What should I improve in my resume?,
Can you improve my resume?,
Suggest job roles for a electrical engineering graduate.,
Find jobs for me in Penang.,
Help me rewrite my CV.,
Help me rewrite my CV.,
What should I improve in my resume?,
What should I improve in my resume?,
What should I improve in my resume?,
What should I improve in my resume?,
What industries fit someone with data analysis skills?,
Can you analyze my resume?,
Help me rewrite my CV.,
I need help choosing a career.,
Can you analyze my resume?,
Help me rewrite my CV.,
Help me rewrite my CV.,
Can you analyze my resume?,
Find jobs for me in Cyberjaya.,
"I have experience in UI/UX design, what jobs can I apply for?",
Can you improve my resume?,
Can you analyze my resume?,
Find jobs for me in Kuala Lumpur.,
Find jobs for me in Kuala Lumpur.,
"I have experience in project management, what jobs can I apply for?",
Can you improve my resume?,
What industries fit someone with Python skills?,
What are good jobs for someone who is a ENFJ?,
Suggest job roles for a mechanical engineering graduate.,
Can you improve my resume?,
What are good jobs for someone who is a ESFP?,
Can you improve my resume?,
What should I improve in my resume?,
Find jobs for me in Singapore.,
What are good jobs for someone who is a ENTP?,
Help me rewrite my CV.,
"I have experience in machine learning, what jobs can I apply for?",
Help me rewrite my CV.,
Can you improve my resume?,
I need help choosing a career.,
I need help choosing a career.,
Can you analyze my resume?,
Can you improve my resume?,
Can you analyze my resume?,
What should I improve in my resume?,
Help me rewrite my CV.,
Can you analyze my resume?,
Help me rewrite my CV.,
I need help choosing a career.,
Suggest job roles for a marketing graduate.,
What should I improve in my resume?,
What industries fit someone with Python skills?,
I need help choosing a career.,
"I have experience in machine learning, what jobs can I apply for?",
Can you improve my resume?,
What should I improve in my resume?,
Can you improve my resume?,
Suggest job roles for a business graduate.,
What industries fit someone with UI/UX design skills?,
What should I improve in my resume?,
Can you analyze my resume?,
Can you analyze my resume?,
Find jobs for me in Cyberjaya.,
"I have experience in accounting, what jobs can I apply for?",
Find jobs for me in Singapore.,
Find jobs for me in Cyberjaya.,
I need help choosing a career.,
Can you analyze my resume?,
Suggest job roles for a electrical engineering graduate.,
What should I improve in my resume?,
Can you improve my resume?,
Can you improve my resume?,
Can you analyze my resume?,
What industries fit someone with Python skills?,
Find jobs for me in Kuala Lumpur.,
Suggest job roles for a computer science graduate.,
What are good jobs for someone who is a ESTJ?,
Help me rewrite my CV.,
What are good jobs for someone who is a INFP?,
Find jobs for me in Kuala Lumpur.,
Can you improve my resume?,
Suggest job roles for a computer science graduate.,
I need help choosing a career.,
What are good jobs for someone who is a ENTP?,
Suggest job roles for a mechanical engineering graduate.,
Can you analyze my resume?,
Help me rewrite my CV.,
I need help choosing a career.,
What industries fit someone with UI/UX design skills?,
Help me rewrite my CV.,
Find jobs for me in Kuala Lumpur.,
What industries fit someone with project management skills?,
"I have experience in UI/UX design, what jobs can I apply for?",
Suggest job roles for a mechanical engineering graduate.,
What are good jobs for someone who is a INTJ?,
I need help choosing a career.,
Can you analyze my resume?,
What are good jobs for someone who is a ENFJ?,
"I have experience in data analysis, what jobs can I apply for?",
Help me rewrite my CV.,
What are good jobs for someone who is a ESTJ?,
Find jobs for me in Cyberjaya.,
I need help choosing a career.,
What should I improve in my resume?,
What industries fit someone with Python skills?,
What should I improve in my resume?,
What are good jobs for someone who is a ESTJ?,
Can you improve my resume?,
What are good jobs for someone who is a ISTP?,
Suggest job roles for a electrical engineering graduate.,
Help me rewrite my CV.,
I need help choosing a career.,
What should I improve in my resume?,
What industries fit someone with UI/UX design skills?,
Suggest job roles for a business graduate.,
"I have experience in accounting, what jobs can I apply for?",
Can you improve my resume?,
I need help choosing a career.,
I need help choosing a career.,
"I have experience in project management, what jobs can I apply for?",
What industries fit someone with machine learning skills?,
"I have experience in machine learning, what jobs can I apply for?",
Suggest job roles for a business graduate.,
What should I improve in my resume?,
What should I improve in my resume?,
What should I improve in my resume?,
What are good jobs for someone who is a ENTP?,
Can you improve my resume?,
What are good jobs for someone who is a ISFJ?,
"I have experience in machine learning, what jobs can I apply for?",
What industries fit someone with project management skills?,
Can you improve my resume?,
What are good jobs for someone who is a ISTP?,
What should I improve in my resume?,
I need help choosing a career.,
What are good jobs for someone who is a ENFJ?,
Suggest job roles for a psychology graduate.,
I need help choosing a career.,
Find jobs for me in Johor Bahru.,
Help me rewrite my CV.,
What industries fit someone with UI/UX design skills?,
I need help choosing a career.,
Suggest job roles for a psychology graduate.,
Help me rewrite my CV.,
I need help choosing a career.,
Suggest job roles for a marketing graduate.,
Help me rewrite my CV.,
"I have experience in project management, what jobs can I apply for?",
Help me rewrite my CV.,
I need help choosing a career.,
What should I improve in my resume?,
What are good jobs for someone who is a ISFJ?,
Can you improve my resume?,
Suggest job roles for a business graduate.,
"I have experience in project management, what jobs can I apply for?",
What industries fit someone with project management skills?,
What industries fit someone with project management skills?,
Find jobs for me in Cyberjaya.,
What should I improve in my resume?,
What are good jobs for someone who is a ENTP?,
Can you analyze my resume?,
Can you improve my resume?,
What industries fit someone with accounting skills?,
Can you analyze my resume?,
Can you analyze my resume?,
Find jobs for me in Singapore.,
Suggest job roles for a marketing graduate.,
Find jobs for me in Johor Bahru.,
Find jobs for me in Kuala Lumpur.,
What are good jobs for someone who is a ISTP?,
Help me rewrite my CV.,
Find jobs for me in Kuala Lumpur.,
I need help choosing a career.,
What industries fit someone with accounting skills?,
Help me rewrite my CV.,
What are good jobs for someone who is a ESTJ?,
"I have experience in accounting, what jobs can I apply for?",
I need help choosing a career.,
Suggest job roles for a electrical engineering graduate.,
"I have experience in project management, what jobs can I apply for?",
Find jobs for me in Singapore.,
Can you improve my resume?,
Find jobs for me in Johor Bahru.,
"I have experience in accounting, what jobs can I apply for?",
Can you analyze my resume?,
What industries fit someone with UI/UX design skills?,
Find jobs for me in Kuala Lumpur.,
Find jobs for me in Kuala Lumpur.,
Suggest job roles for a marketing graduate.,
Help me rewrite my CV.,
What should I improve in my resume?,
Suggest job roles for a computer science graduate.,
What industries fit someone with accounting skills?,
What industries fit someone with Python skills?,
"I have experience in Python, what jobs can I apply for?",
"I have experience in accounting, what jobs can I apply for?",
Can you improve my resume?,
Find jobs for me in Penang.,
Help me rewrite my CV.,
I need help choosing a career.,
Help me rewrite my CV.,
What are good jobs for someone who is a INFP?,
What are good jobs for someone who is a INFP?,
Find jobs for me in Singapore.,
What should I improve in my resume?,
What are good jobs for someone who is a ESTJ?,
Help me rewrite my CV.,
Help me rewrite my CV.,
Can you improve my resume?,
Can you analyze my resume?,
I need help choosing a career.,
I need help choosing a career.,
What should I improve in my resume?,
What should I improve in my resume?,
I need help choosing a career.,
Find jobs for me in Penang.,
I need help choosing a career.,
"I have experience in project management, what jobs can I apply for?",
What should I improve in my resume?,
Can you analyze my resume?,
"I have experience in accounting, what jobs can I apply for?",
Can you improve my resume?,
What industries fit someone with accounting skills?,
"I have experience in UI/UX design, what jobs can I apply for?",
Find jobs for me in Singapore.,
What are good jobs for someone who is a ENFJ?,
I need help choosing a career.,
"I have experience in Python, what jobs can I apply for?",
Help me rewrite my CV.,
Find jobs for me in Singapore.,
What should I improve in my resume?,
What industries fit someone with accounting skills?,
Can you analyze my resume?,
Suggest job roles for a marketing graduate.,
What industries fit someone with accounting skills?,
What are good jobs for someone who is a INTJ?,
Can you improve my resume?,
Can you analyze my resume?,
What should I improve in my resume?,
What industries fit someone with project management skills?,
Can you improve my resume?,
Help me rewrite my CV.,
